<?xml version="1.0" encoding="UTF-8"?>
<metadata xmlns="http://www.demandware.com/xml/impex/metadata/2006-10-31">
    <type-extension type-id="Order"> 
        <custom-attribute-definitions>                        
            <attribute-definition attribute-id="paidyPaymentId">
                <type>string</type>
                <mandatory-flag>false</mandatory-flag>
                <externally-managed-flag>false</externally-managed-flag>
                <min-length>0</min-length>
            </attribute-definition>
            <attribute-definition attribute-id="paidyToken">
                <type>string</type>
                <mandatory-flag>false</mandatory-flag>
                <externally-managed-flag>false</externally-managed-flag>
                <min-length>0</min-length>
            </attribute-definition>
        </custom-attribute-definitions>
        <group-definitions>
            <attribute-group group-id="paidyPayments">
                <display-name xml:lang="x-default">PaidyPayments</display-name>
                <attribute attribute-id="paidyToken"/>
                <attribute attribute-id="paidyPaymentId"/>
            </attribute-group>
        </group-definitions>
    </type-extension>

    <type-extension type-id="Profile">
        <custom-attribute-definitions>
            <attribute-definition attribute-id="paidyToken">
                <type>string</type>
                <mandatory-flag>false</mandatory-flag>
                <externally-managed-flag>false</externally-managed-flag>
                <min-length>0</min-length>
            </attribute-definition>
        </custom-attribute-definitions>
        <group-definitions>
            <attribute-group group-id="paidyPayments">
                <display-name xml:lang="x-default">PaidyPayments</display-name>
                <attribute attribute-id="paidyToken"/>
            </attribute-group>
        </group-definitions>
    </type-extension>

    <type-extension type-id="SitePreferences">
        <custom-attribute-definitions>
            <attribute-definition attribute-id="paidy_api_key">
                <type>string</type>
                <mandatory-flag>false</mandatory-flag>
                <externally-managed-flag>false</externally-managed-flag>
                <min-length>0</min-length>
            </attribute-definition>
            <attribute-definition attribute-id="paidy_enabled">
                <type>boolean</type>
                <mandatory-flag>false</mandatory-flag>
                <externally-managed-flag>false</externally-managed-flag>
                <default-value>true</default-value>
            </attribute-definition>
            <attribute-definition attribute-id="paidy_logo_url">
                <type>string</type>
                <mandatory-flag>false</mandatory-flag>
                <externally-managed-flag>false</externally-managed-flag>
                <min-length>0</min-length>
            </attribute-definition>
            <attribute-definition attribute-id="paidy_secret_key">
                <type>string</type>
                <mandatory-flag>false</mandatory-flag>
                <externally-managed-flag>false</externally-managed-flag>
                <min-length>0</min-length>
            </attribute-definition>
            <attribute-definition attribute-id="paidy_service_name">
                <type>string</type>
                <mandatory-flag>false</mandatory-flag>
                <externally-managed-flag>false</externally-managed-flag>
                <min-length>0</min-length>
            </attribute-definition>
            <attribute-definition attribute-id="paidy_store_name">
                <type>string</type>
                <mandatory-flag>false</mandatory-flag>
                <externally-managed-flag>false</externally-managed-flag>
                <min-length>0</min-length>
            </attribute-definition>
            <attribute-definition attribute-id="paidy_token_description">
                <type>string</type>
                <mandatory-flag>false</mandatory-flag>
                <externally-managed-flag>false</externally-managed-flag>
                <min-length>0</min-length>
            </attribute-definition>
        </custom-attribute-definitions>
        <group-definitions>
            <attribute-group group-id="Paidy">
                <display-name xml:lang="x-default">Paidy</display-name>
                <attribute attribute-id="paidy_enabled"/>
                <attribute attribute-id="paidy_api_key"/>
                <attribute attribute-id="paidy_logo_url"/>
                <attribute attribute-id="paidy_secret_key"/>
                <attribute attribute-id="paidy_store_name"/>
                <attribute attribute-id="paidy_service_name"/>
                <attribute attribute-id="paidy_token_description"/>
            </attribute-group>
        </group-definitions>
    </type-extension>
</metadata>
