<?xml version="1.0" encoding="UTF-8"?>
<payment-settings xmlns="http://www.demandware.com/xml/impex/paymentsettings/2009-09-15">

    <payment-method method-id="PAIDY_NORMAL">
        <name xml:lang="x-default">Paidy翌月払い（コンビニ/銀行）</name>
        <enabled-flag>true</enabled-flag>
        <processor-id>PAIDY_NORMAL</processor-id>
    </payment-method>

    <payment-method method-id="PAIDY_REGULAR">
        <name xml:lang="x-default">Paidy翌月払い（コンビニ/銀行）※定期購入</name>
        <enabled-flag>true</enabled-flag>
        <processor-id>PAIDY_REGULAR</processor-id>
    </payment-method>

</payment-settings>
